{
    "$schema": "https://schema.management.azure.com/schemas/2015-01-01/deploymentParameters.json#",
    "contentVersion": "1.0.0.0",
    "parameters": {
        "connections_servicebus_name": {
            "value": null
        },
        "namespaces_ErrorsEventHub_name": {
            "value": null
        },
        "namespaces_iot_service_bus_uni_name": {
            "value": null
        },
        "storageAccounts_iothubstorageaccountuni_name": {
            "value": null
        }
    }
}