{
    "$schema": "https://schema.management.azure.com/schemas/2019-04-01/deploymentTemplate.json#",
    "contentVersion": "1.0.0.0",
    "parameters": {
        "connections_servicebus_name": {
            "defaultValue": "servicebus",
            "type": "String"
        },
        "namespaces_ErrorsEventHub_name": {
            "defaultValue": "ErrorsEventHub",
            "type": "String"
        },
        "namespaces_iot_service_bus_uni_name": {
            "defaultValue": "iot-service-bus-uni",
            "type": "String"
        },
        "storageAccounts_iothubstorageaccountuni_name": {
            "defaultValue": "iothubstorageaccountuni",
            "type": "String"
        }
    },
    "variables": {},
    "resources": [
        {
            "type": "Microsoft.EventHub/namespaces",
            "apiVersion": "2022-01-01-preview",
            "name": "[parameters('namespaces_ErrorsEventHub_name')]",
            "location": "West Europe",
            "sku": {
                "name": "Basic",
                "tier": "Basic",
                "capacity": 1
            },
            "properties": {
                "minimumTlsVersion": "1.2",
                "publicNetworkAccess": "Enabled",
                "disableLocalAuth": false,
                "zoneRedundant": true,
                "isAutoInflateEnabled": false,
                "maximumThroughputUnits": 0,
                "kafkaEnabled": false
            }
        },
        {
            "type": "Microsoft.ServiceBus/namespaces",
            "apiVersion": "2022-01-01-preview",
            "name": "[parameters('namespaces_iot_service_bus_uni_name')]",
            "location": "West Europe",
            "sku": {
                "name": "Basic",
                "tier": "Basic"
            },
            "properties": {
                "minimumTlsVersion": "1.2",
                "publicNetworkAccess": "Enabled",
                "disableLocalAuth": false,
                "zoneRedundant": false
            }
        },
        {
            "type": "Microsoft.Storage/storageAccounts",
            "apiVersion": "2022-05-01",
            "name": "[parameters('storageAccounts_iothubstorageaccountuni_name')]",
            "location": "eastus",
            "sku": {
                "name": "Standard_LRS",
                "tier": "Standard"
            },
            "kind": "StorageV2",
            "properties": {
                "dnsEndpointType": "Standard",
                "defaultToOAuthAuthentication": false,
                "publicNetworkAccess": "Enabled",
                "allowCrossTenantReplication": true,
                "minimumTlsVersion": "TLS1_2",
                "allowBlobPublicAccess": true,
                "allowSharedKeyAccess": true,
                "networkAcls": {
                    "bypass": "AzureServices",
                    "virtualNetworkRules": [],
                    "ipRules": [],
                    "defaultAction": "Allow"
                },
                "supportsHttpsTrafficOnly": true,
                "encryption": {
                    "requireInfrastructureEncryption": false,
                    "services": {
                        "file": {
                            "keyType": "Account",
                            "enabled": true
                        },
                        "blob": {
                            "keyType": "Account",
                            "enabled": true
                        }
                    },
                    "keySource": "Microsoft.Storage"
                },
                "accessTier": "Hot"
            }
        },
        {
            "type": "Microsoft.Web/connections",
            "apiVersion": "2016-06-01",
            "name": "[parameters('connections_servicebus_name')]",
            "location": "centralus",
            "kind": "V1",
            "properties": {
                "displayName": "service bus",
                "statuses": [
                    {
                        "status": "Connected"
                    }
                ],
                "customParameterValues": {},
                "createdTime": "2022-12-21T22:36:52.3197782Z",
                "changedTime": "2022-12-21T22:36:52.3197782Z",
                "api": {
                    "name": "[parameters('connections_servicebus_name')]",
                    "displayName": "Service Bus",
                    "description": "Connect to Azure Service Bus to send and receive messages. You can perform actions such as send to queue, send to topic, receive from queue, receive from subscription, etc.",
                    "iconUri": "[concat('https://connectoricons-prod.azureedge.net/u/juanq/releases/v1.0.1609-localization/1.0.1609.3085/', parameters('connections_servicebus_name'), '/icon.png')]",
                    "brandColor": "#c4d5ff",
                    "id": "[concat('/subscriptions/32390b24-283c-433e-aed7-0cb29e80114a/providers/Microsoft.Web/locations/centralus/managedApis/', parameters('connections_servicebus_name'))]",
                    "type": "Microsoft.Web/locations/managedApis"
                },
                "testLinks": []
            }
        },
        {
            "type": "Microsoft.EventHub/namespaces/authorizationrules",
            "apiVersion": "2022-01-01-preview",
            "name": "[concat(parameters('namespaces_ErrorsEventHub_name'), '/RootManageSharedAccessKey')]",
            "location": "westeurope",
            "dependsOn": [
                "[resourceId('Microsoft.EventHub/namespaces', parameters('namespaces_ErrorsEventHub_name'))]"
            ],
            "properties": {
                "rights": [
                    "Listen",
                    "Manage",
                    "Send"
                ]
            }
        },
        {
            "type": "Microsoft.EventHub/namespaces/eventhubs",
            "apiVersion": "2022-01-01-preview",
            "name": "[concat(parameters('namespaces_ErrorsEventHub_name'), '/event_hub')]",
            "location": "westeurope",
            "dependsOn": [
                "[resourceId('Microsoft.EventHub/namespaces', parameters('namespaces_ErrorsEventHub_name'))]"
            ],
            "properties": {
                "messageRetentionInDays": 1,
                "partitionCount": 2,
                "status": "Active"
            }
        },
        {
            "type": "Microsoft.EventHub/namespaces/networkRuleSets",
            "apiVersion": "2022-01-01-preview",
            "name": "[concat(parameters('namespaces_ErrorsEventHub_name'), '/default')]",
            "location": "West Europe",
            "dependsOn": [
                "[resourceId('Microsoft.EventHub/namespaces', parameters('namespaces_ErrorsEventHub_name'))]"
            ],
            "properties": {
                "publicNetworkAccess": "Enabled",
                "defaultAction": "Allow",
                "virtualNetworkRules": [],
                "ipRules": []
            }
        },
        {
            "type": "Microsoft.ServiceBus/namespaces/authorizationrules",
            "apiVersion": "2022-01-01-preview",
            "name": "[concat(parameters('namespaces_iot_service_bus_uni_name'), '/RootManageSharedAccessKey')]",
            "location": "westeurope",
            "dependsOn": [
                "[resourceId('Microsoft.ServiceBus/namespaces', parameters('namespaces_iot_service_bus_uni_name'))]"
            ],
            "properties": {
                "rights": [
                    "Listen",
                    "Manage",
                    "Send"
                ]
            }
        },
        {
            "type": "Microsoft.ServiceBus/namespaces/networkRuleSets",
            "apiVersion": "2022-01-01-preview",
            "name": "[concat(parameters('namespaces_iot_service_bus_uni_name'), '/default')]",
            "location": "West Europe",
            "dependsOn": [
                "[resourceId('Microsoft.ServiceBus/namespaces', parameters('namespaces_iot_service_bus_uni_name'))]"
            ],
            "properties": {
                "publicNetworkAccess": "Enabled",
                "defaultAction": "Allow",
                "virtualNetworkRules": [],
                "ipRules": []
            }
        },
        {
            "type": "Microsoft.ServiceBus/namespaces/queues",
            "apiVersion": "2022-01-01-preview",
            "name": "[concat(parameters('namespaces_iot_service_bus_uni_name'), '/errors-count-que')]",
            "location": "westeurope",
            "dependsOn": [
                "[resourceId('Microsoft.ServiceBus/namespaces', parameters('namespaces_iot_service_bus_uni_name'))]"
            ],
            "properties": {
                "maxMessageSizeInKilobytes": 256,
                "lockDuration": "PT30S",
                "maxSizeInMegabytes": 1024,
                "requiresDuplicateDetection": false,
                "requiresSession": false,
                "defaultMessageTimeToLive": "P14D",
                "deadLetteringOnMessageExpiration": false,
                "enableBatchedOperations": true,
                "duplicateDetectionHistoryTimeWindow": "PT10M",
                "maxDeliveryCount": 10,
                "status": "Active",
                "autoDeleteOnIdle": "P10675199DT2H48M5.4775807S",
                "enablePartitioning": false,
                "enableExpress": false
            }
        },
        {
            "type": "Microsoft.ServiceBus/namespaces/queues",
            "apiVersion": "2022-01-01-preview",
            "name": "[concat(parameters('namespaces_iot_service_bus_uni_name'), '/kpi-que')]",
            "location": "westeurope",
            "dependsOn": [
                "[resourceId('Microsoft.ServiceBus/namespaces', parameters('namespaces_iot_service_bus_uni_name'))]"
            ],
            "properties": {
                "maxMessageSizeInKilobytes": 256,
                "lockDuration": "PT1M",
                "maxSizeInMegabytes": 1024,
                "requiresDuplicateDetection": false,
                "requiresSession": false,
                "defaultMessageTimeToLive": "P14D",
                "deadLetteringOnMessageExpiration": false,
                "enableBatchedOperations": true,
                "duplicateDetectionHistoryTimeWindow": "PT10M",
                "maxDeliveryCount": 10,
                "status": "Active",
                "autoDeleteOnIdle": "P10675199DT2H48M5.4775807S",
                "enablePartitioning": false,
                "enableExpress": false
            }
        },
        {
            "type": "Microsoft.Storage/storageAccounts/blobServices",
            "apiVersion": "2022-05-01",
            "name": "[concat(parameters('storageAccounts_iothubstorageaccountuni_name'), '/default')]",
            "dependsOn": [
                "[resourceId('Microsoft.Storage/storageAccounts', parameters('storageAccounts_iothubstorageaccountuni_name'))]"
            ],
            "sku": {
                "name": "Standard_LRS",
                "tier": "Standard"
            },
            "properties": {
                "changeFeed": {
                    "enabled": false
                },
                "restorePolicy": {
                    "enabled": false
                },
                "containerDeleteRetentionPolicy": {
                    "enabled": true,
                    "days": 7
                },
                "cors": {
                    "corsRules": []
                },
                "deleteRetentionPolicy": {
                    "allowPermanentDelete": false,
                    "enabled": true,
                    "days": 7
                },
                "isVersioningEnabled": false
            }
        },
        {
            "type": "Microsoft.Storage/storageAccounts/fileServices",
            "apiVersion": "2022-05-01",
            "name": "[concat(parameters('storageAccounts_iothubstorageaccountuni_name'), '/default')]",
            "dependsOn": [
                "[resourceId('Microsoft.Storage/storageAccounts', parameters('storageAccounts_iothubstorageaccountuni_name'))]"
            ],
            "sku": {
                "name": "Standard_LRS",
                "tier": "Standard"
            },
            "properties": {
                "protocolSettings": {
                    "smb": {}
                },
                "cors": {
                    "corsRules": []
                },
                "shareDeleteRetentionPolicy": {
                    "enabled": true,
                    "days": 7
                }
            }
        },
        {
            "type": "Microsoft.Storage/storageAccounts/queueServices",
            "apiVersion": "2022-05-01",
            "name": "[concat(parameters('storageAccounts_iothubstorageaccountuni_name'), '/default')]",
            "dependsOn": [
                "[resourceId('Microsoft.Storage/storageAccounts', parameters('storageAccounts_iothubstorageaccountuni_name'))]"
            ],
            "properties": {
                "cors": {
                    "corsRules": []
                }
            }
        },
        {
            "type": "Microsoft.Storage/storageAccounts/tableServices",
            "apiVersion": "2022-05-01",
            "name": "[concat(parameters('storageAccounts_iothubstorageaccountuni_name'), '/default')]",
            "dependsOn": [
                "[resourceId('Microsoft.Storage/storageAccounts', parameters('storageAccounts_iothubstorageaccountuni_name'))]"
            ],
            "properties": {
                "cors": {
                    "corsRules": []
                }
            }
        },
        {
            "type": "Microsoft.EventHub/namespaces/eventhubs/authorizationrules",
            "apiVersion": "2022-01-01-preview",
            "name": "[concat(parameters('namespaces_ErrorsEventHub_name'), '/event_hub/iothubroutes_iot-hub-uni')]",
            "location": "westeurope",
            "dependsOn": [
                "[resourceId('Microsoft.EventHub/namespaces/eventhubs', parameters('namespaces_ErrorsEventHub_name'), 'event_hub')]",
                "[resourceId('Microsoft.EventHub/namespaces', parameters('namespaces_ErrorsEventHub_name'))]"
            ],
            "properties": {
                "rights": [
                    "Send"
                ]
            }
        },
        {
            "type": "Microsoft.EventHub/namespaces/eventhubs/consumergroups",
            "apiVersion": "2022-01-01-preview",
            "name": "[concat(parameters('namespaces_ErrorsEventHub_name'), '/event_hub/$Default')]",
            "location": "westeurope",
            "dependsOn": [
                "[resourceId('Microsoft.EventHub/namespaces/eventhubs', parameters('namespaces_ErrorsEventHub_name'), 'event_hub')]",
                "[resourceId('Microsoft.EventHub/namespaces', parameters('namespaces_ErrorsEventHub_name'))]"
            ],
            "properties": {}
        },
        {
            "type": "Microsoft.Storage/storageAccounts/blobServices/containers",
            "apiVersion": "2022-05-01",
            "name": "[concat(parameters('storageAccounts_iothubstorageaccountuni_name'), '/default/azure-webjobs-hosts')]",
            "dependsOn": [
                "[resourceId('Microsoft.Storage/storageAccounts/blobServices', parameters('storageAccounts_iothubstorageaccountuni_name'), 'default')]",
                "[resourceId('Microsoft.Storage/storageAccounts', parameters('storageAccounts_iothubstorageaccountuni_name'))]"
            ],
            "properties": {
                "immutableStorageWithVersioning": {
                    "enabled": false
                },
                "defaultEncryptionScope": "$account-encryption-key",
                "denyEncryptionScopeOverride": false,
                "publicAccess": "None"
            }
        },
        {
            "type": "Microsoft.Storage/storageAccounts/blobServices/containers",
            "apiVersion": "2022-05-01",
            "name": "[concat(parameters('storageAccounts_iothubstorageaccountuni_name'), '/default/azure-webjobs-secrets')]",
            "dependsOn": [
                "[resourceId('Microsoft.Storage/storageAccounts/blobServices', parameters('storageAccounts_iothubstorageaccountuni_name'), 'default')]",
                "[resourceId('Microsoft.Storage/storageAccounts', parameters('storageAccounts_iothubstorageaccountuni_name'))]"
            ],
            "properties": {
                "immutableStorageWithVersioning": {
                    "enabled": false
                },
                "defaultEncryptionScope": "$account-encryption-key",
                "denyEncryptionScopeOverride": false,
                "publicAccess": "None"
            }
        },
        {
            "type": "Microsoft.Storage/storageAccounts/blobServices/containers",
            "apiVersion": "2022-05-01",
            "name": "[concat(parameters('storageAccounts_iothubstorageaccountuni_name'), '/default/errors-container')]",
            "dependsOn": [
                "[resourceId('Microsoft.Storage/storageAccounts/blobServices', parameters('storageAccounts_iothubstorageaccountuni_name'), 'default')]",
                "[resourceId('Microsoft.Storage/storageAccounts', parameters('storageAccounts_iothubstorageaccountuni_name'))]"
            ],
            "properties": {
                "immutableStorageWithVersioning": {
                    "enabled": false
                },
                "defaultEncryptionScope": "$account-encryption-key",
                "denyEncryptionScopeOverride": false,
                "publicAccess": "None"
            }
        },
        {
            "type": "Microsoft.Storage/storageAccounts/blobServices/containers",
            "apiVersion": "2022-05-01",
            "name": "[concat(parameters('storageAccounts_iothubstorageaccountuni_name'), '/default/prod-per-worker-out-container')]",
            "dependsOn": [
                "[resourceId('Microsoft.Storage/storageAccounts/blobServices', parameters('storageAccounts_iothubstorageaccountuni_name'), 'default')]",
                "[resourceId('Microsoft.Storage/storageAccounts', parameters('storageAccounts_iothubstorageaccountuni_name'))]"
            ],
            "properties": {
                "immutableStorageWithVersioning": {
                    "enabled": false
                },
                "defaultEncryptionScope": "$account-encryption-key",
                "denyEncryptionScopeOverride": false,
                "publicAccess": "None"
            }
        },
        {
            "type": "Microsoft.Storage/storageAccounts/blobServices/containers",
            "apiVersion": "2022-05-01",
            "name": "[concat(parameters('storageAccounts_iothubstorageaccountuni_name'), '/default/production-kpi-container')]",
            "dependsOn": [
                "[resourceId('Microsoft.Storage/storageAccounts/blobServices', parameters('storageAccounts_iothubstorageaccountuni_name'), 'default')]",
                "[resourceId('Microsoft.Storage/storageAccounts', parameters('storageAccounts_iothubstorageaccountuni_name'))]"
            ],
            "properties": {
                "immutableStorageWithVersioning": {
                    "enabled": false
                },
                "defaultEncryptionScope": "$account-encryption-key",
                "denyEncryptionScopeOverride": false,
                "publicAccess": "None"
            }
        },
        {
            "type": "Microsoft.Storage/storageAccounts/blobServices/containers",
            "apiVersion": "2022-05-01",
            "name": "[concat(parameters('storageAccounts_iothubstorageaccountuni_name'), '/default/scm-releases')]",
            "dependsOn": [
                "[resourceId('Microsoft.Storage/storageAccounts/blobServices', parameters('storageAccounts_iothubstorageaccountuni_name'), 'default')]",
                "[resourceId('Microsoft.Storage/storageAccounts', parameters('storageAccounts_iothubstorageaccountuni_name'))]"
            ],
            "properties": {
                "immutableStorageWithVersioning": {
                    "enabled": false
                },
                "defaultEncryptionScope": "$account-encryption-key",
                "denyEncryptionScopeOverride": false,
                "publicAccess": "None"
            }
        },
        {
            "type": "Microsoft.Storage/storageAccounts/blobServices/containers",
            "apiVersion": "2022-05-01",
            "name": "[concat(parameters('storageAccounts_iothubstorageaccountuni_name'), '/default/temperaturec-container')]",
            "dependsOn": [
                "[resourceId('Microsoft.Storage/storageAccounts/blobServices', parameters('storageAccounts_iothubstorageaccountuni_name'), 'default')]",
                "[resourceId('Microsoft.Storage/storageAccounts', parameters('storageAccounts_iothubstorageaccountuni_name'))]"
            ],
            "properties": {
                "immutableStorageWithVersioning": {
                    "enabled": false
                },
                "defaultEncryptionScope": "$account-encryption-key",
                "denyEncryptionScopeOverride": false,
                "publicAccess": "None"
            }
        },
        {
            "type": "Microsoft.Storage/storageAccounts/fileServices/shares",
            "apiVersion": "2022-05-01",
            "name": "[concat(parameters('storageAccounts_iothubstorageaccountuni_name'), '/default/test-function-iot-hub-bge2c9a9')]",
            "dependsOn": [
                "[resourceId('Microsoft.Storage/storageAccounts/fileServices', parameters('storageAccounts_iothubstorageaccountuni_name'), 'default')]",
                "[resourceId('Microsoft.Storage/storageAccounts', parameters('storageAccounts_iothubstorageaccountuni_name'))]"
            ],
            "properties": {
                "accessTier": "TransactionOptimized",
                "shareQuota": 5120,
                "enabledProtocols": "SMB"
            }
        }
    ]
}